{
  "Andhra Pradesh": [
    "Visakhapatnam",
    "Vijayawada",
    "Guntur",
    "Nellore",
    "Kurnool",
    "Rajahmundry",
    "Tirupati",
    "Kakinada",
    "Kadapa",
    "Anantapur"
  ],
  "Arunachal Pradesh": [
    "Itanagar",
    "Naharlagun",
    "Pasighat",
    "Tawang",
    "Bomdila",
    "Tezu",
    "Ziro",
    "Along",
    "Daporijo",
    "Namsai"
  ],
  "Assam": [
    "Guwahati",
    "Silchar",
    "Dibrugarh",
    "Jorhat",
    "Nagaon",
    "Tinsukia",
    "Tezpur",
    "Bongaigaon",
    "Dhubri",
    "Diphu"
  ],
  "Bihar": [
    "Patna",
    "Gaya",
    "Bhagalpur",
    "Muzaffarpur",
    "Purnia",
    "Darbhanga",
    "Bihar Sharif",
    "Arrah",
    "Begusarai",
    "Katihar"
  ],
  "Chhattisgarh": [
    "Raipur",
    "Bhilai",
    "Bilaspur",
    "Korba",
    "Durg",
    "Rajpur",
    "Raigarh",
    "Jagdalpur",
    "Ambikapur",
    "Dhamtari"
  ],
  "Goa": [
    "Panaji",
    "Margao",
    "Vasco da Gama",
    "Mapusa",
    "Ponda",
    "Mormugao",
    "Bicholim",
    "Curchorem",
    "Valpoi",
    "Canacona"
  ],
  "Gujarat": [
    "Ahmedabad",
    "Surat",
    "Vadodara",
    "Rajkot",
    "Bhavnagar",
    "Jamnagar",
    "Gandhinagar",
    "Anand",
    "Navsari",
    "Morbi"
  ],
  "Haryana": [
    "Gurgaon",
    "Faridabad",
    "Panipat",
    "Ambala",
    "Yamunanagar",
    "Rohtak",
    "Hisar",
    "Karnal",
    "Sonipat",
    "Panchkula"
  ],
  "Himachal Pradesh": [
    "Shimla",
    "Dharamshala",
    "Solan",
    "Mandi",
    "Kullu",
    "Manali",
    "Palampur",
    "Bilaspur",
    "Chamba",
    "Una"
  ],
  "Jharkhand": [
    "Ranchi",
    "Jamshedpur",
    "Dhanbad",
    "Bokaro",
    "Hazaribagh",
    "Deoghar",
    "Giridih",
    "Ramgarh",
    "Medininagar",
    "Chaibasa"
  ],
  "Karnataka": [
    "Bangalore",
    "Mysore",
    "Hubli",
    "Mangalore",
    "Belagavi",
    "Davangere",
    "Kalaburagi",
    "Udupi",
    "Shimoga",
    "Tumkur"
  ],
  "Kerala": [
    "Kochi",
    "Thiruvananthapuram",
    "Kozhikode",
    "Thrissur",
    "Kollam",
    "Alappuzha",
    "Kannur",
    "Kottayam",
    "Palakkad",
    "Malappuram"
  ],
  "Madhya Pradesh": [
    "Indore",
    "Bhopal",
    "Gwalior",
    "Jabalpur",
    "Ujjain",
    "Sagar",
    "Ratlam",
    "Satna",
    "Rewa",
    "Burhanpur"
  ],
  "Maharashtra": [
    "Mumbai",
    "Pune",
    "Nagpur",
    "Nashik",
    "Aurangabad",
    "Solapur",
    "Amravati",
    "Kolhapur",
    "Sangli",
    "Jalgaon"
  ],
  "Manipur": [
    "Imphal",
    "Thoubal",
    "Bishnupur",
    "Churachandpur",
    "Ukhrul",
    "Senapati",
    "Tamenglong",
    "Jiribam",
    "Kakching",
    "Lilong"
  ],
  "Meghalaya": [
    "Shillong",
    "Tura",
    "Jowai",
    "Nongpoh",
    "Williamnagar",
    "Baghmara",
    "Resubelpara",
    "Mairang",
    "Mawkyrwat",
    "Ampati"
  ],
  "Mizoram": [
    "Aizawl",
    "Lunglei",
    "Saiha",
    "Champhai",
    "Kolasib",
    "Serchhip",
    "Lawngtlai",
    "Mamit",
    "Hnahthial",
    "Saitual"
  ],
  "Nagaland": [
    "Kohima",
    "Dimapur",
    "Mokokchung",
    "Tuensang",
    "Wokha",
    "Zunheboto",
    "Mon",
    "Phek",
    "Kiphire",
    "Longleng"
  ],
  "Odisha": [
    "Bhubaneswar",
    "Cuttack",
    "Rourkela",
    "Berhampur",
    "Sambalpur",
    "Puri",
    "Balasore",
    "Bhadrak",
    "Baripada",
    "Jharsuguda"
  ],
  "Punjab": [
    "Ludhiana",
    "Amritsar",
    "Jalandhar",
    "Patiala",
    "Bathinda",
    "Pathankot",
    "Hoshiarpur",
    "Moga",
    "Firozpur",
    "Sangrur"
  ],
  "Rajasthan": [
    "Jaipur",
    "Jodhpur",
    "Kota",
    "Bikaner",
    "Ajmer",
    "Udaipur",
    "Bhilwara",
    "Alwar",
    "Bharatpur",
    "Sikar"
  ],
  "Sikkim": [
    "Gangtok",
    "Namchi",
    "Mangan",
    "Gyalshing",
    "Ravangla",
    "Singtam",
    "Rangpo",
    "Jorethang",
    "Pakyong",
    "Soreng"
  ],
  "Tamil Nadu": [
    "Chennai",
    "Coimbatore",
    "Madurai",
    "Tiruchirappalli",
    "Salem",
    "Tirunelveli",
    "Erode",
    "Vellore",
    "Thoothukudi",
    "Dindigul"
  ],
  "Telangana": [
    "Hyderabad",
    "Warangal",
    "Nizamabad",
    "Karimnagar",
    "Ramagundam",
    "Khammam",
    "Mahbubnagar",
    "Nalgonda",
    "Adilabad",
    "Siddipet"
  ],
  "Tripura": [
    "Agartala",
    "Udaipur",
    "Dharmanagar",
    "Kailasahar",
    "Belonia",
    "Khowai",
    "Ambassa",
    "Sabroom",
    "Kamalpur",
    "Teliamura"
  ],
  "Uttar Pradesh": [
    "Lucknow",
    "Kanpur",
    "Agra",
    "Varanasi",
    "Allahabad",
    "Meerut",
    "Ghaziabad",
    "Noida",
    "Bareilly",
    "Aligarh"
  ],
  "Uttarakhand": [
    "Dehradun",
    "Haridwar",
    "Roorkee",
    "Haldwani",
    "Rudrapur",
    "Kashipur",
    "Rishikesh",
    "Ramnagar",
    "Pithoragarh",
    "Almora"
  ],
  "West Bengal": [
    "Kolkata",
    "Howrah",
    "Durgapur",
    "Asansol",
    "Siliguri",
    "Bardhaman",
    "Malda",
    "Kharagpur",
    "Krishnanagar",
    "Jalpaiguri"
  ],
  "Delhi": [
    "New Delhi",
    "Delhi",
    "North Delhi",
    "South Delhi",
    "East Delhi",
    "West Delhi",
    "Central Delhi",
    "Noida",
    "Gurgaon",
    "Faridabad"
  ],
  "Puducherry": [
    "Puducherry",
    "Karaikal",
    "Mahe",
    "Yanam"
  ],
  "Chandigarh": [
    "Chandigarh"
  ],
  "Dadra and Nagar Haveli and Daman and Diu": [
    "Daman",
    "Diu",
    "Silvassa"
  ],
  "Lakshadweep": [
    "Kavaratti"
  ],
  "Jammu and Kashmir": [
    "Srinagar",
    "Jammu",
    "Anantnag",
    "Baramulla",
    "Udhampur",
    "Kathua",
    "Rajouri",
    "Poonch",
    "Doda",
    "Kishtwar"
  ],
  "Ladakh": [
    "Leh",
    "Kargil"
  ]
}

